<?xml version="1.0" encoding="utf-8"?>
<Configuration Type="Configuration.ConfigurationState" Version="1.0.0.12" Caption="OceanFundamentalsCourse">
  <Extensions Type="Extensibility.ExtensionCollection">
    <Workspaces.WorkspaceExtension EntityId="690f54d5-3844-49bf-8815-f956fa683087" />
    <Relationships.RelationshipsExtension>
      <Associations Type="Relationships.Associations">
        <Relationships.Association RelationshipId="Configuration-Section" Role="Configuration">
          <AssociatedEnds Type="AssociatedEnds">
            <AssociatedEnd Role="Section">
              <Entities Type="Entities">
                <EntityId Value="f96dd7a8-9e81-43f3-8622-936041ffdaa2" />
                <EntityId Value="f9a68d6f-e9c0-4e0b-a31b-87cad6f831f7" />
                <EntityId Value="98a517b9-b99b-4fa5-9c34-e1eb80ea2fe7" />
                <EntityId Value="88741991-7395-453d-b1c7-4178c85c5ba1" />
                <EntityId Value="1ef08cc1-6a86-4ed3-b5c8-1c435102d78f" />
                <EntityId Value="4f77463e-9d3d-4e77-9ad1-5af22c47809a" />
                <EntityId Value="75592247-4a90-4dc1-9c96-924e6b4ad648" />
                <EntityId Value="73b27138-a213-4050-ac70-043ebd6b8586" />
                <EntityId Value="697da2ae-3880-441e-aefa-4cb130189ff1" />
              </Entities>
            </AssociatedEnd>
          </AssociatedEnds>
        </Relationships.Association>
      </Associations>
    </Relationships.RelationshipsExtension>
  </Extensions>
  <Sections Type="Extesibility.ConfigurationSectionCollection">
    <ToolContainers.RibbonSection Version="1.0.0.10">
      <Extensions Type="Extensibility.ExtensionCollection">
        <Workspaces.WorkspaceExtension EntityId="f96dd7a8-9e81-43f3-8622-936041ffdaa2" />
        <Relationships.RelationshipsExtension>
          <Associations Type="Relationships.Associations">
            <Relationships.Association RelationshipId="RibbonSection-Ribbon" Role="RibbonSection">
              <AssociatedEnds Type="AssociatedEnds">
                <AssociatedEnd Role="Ribbon">
                  <Entities Type="Entities">
                    <EntityId Value="c787055f-b2f7-4c30-a2ab-852a89321405" />
                  </Entities>
                </AssociatedEnd>
              </AssociatedEnds>
            </Relationships.Association>
            <Relationships.Association RelationshipId="Configuration-Section" Role="Section">
              <AssociatedEnds Type="AssociatedEnds">
                <AssociatedEnd Role="Configuration">
                  <Entities Type="Entities">
                    <EntityId Value="690f54d5-3844-49bf-8815-f956fa683087" />
                  </Entities>
                </AssociatedEnd>
              </AssociatedEnds>
            </Relationships.Association>
          </Associations>
        </Relationships.RelationshipsExtension>
      </Extensions>
      <Ribbons Type="Extesibility.RibbonCollection">
        <ToolContainers.Ribbon Id="9f42ae22-15c5-4351-9057-5921be95969d">
          <Extensions Type="Extensibility.ExtensionCollection">
            <Attributes.AttributesExtension>
              <Attributes Type="Attributes.AttributeCollection">
                <Attributes.AttributeValue AttributeId="Appearance.Caption" ValueType="System.String" Value="Platform" />
              </Attributes>
            </Attributes.AttributesExtension>
            <Workspaces.WorkspaceExtension EntityId="c787055f-b2f7-4c30-a2ab-852a89321405" />
            <Relationships.RelationshipsExtension>
              <Associations Type="Relationships.Associations">
                <Relationships.Association RelationshipId="Ribbon-RibbonTab" Role="Ribbon">
                  <AssociatedEnds Type="AssociatedEnds">
                    <AssociatedEnd Role="RibbonTab">
                      <Entities Type="Entities">
                        <EntityId Value="10d0b8c4-2a86-485b-8657-95d651430172" />
                      </Entities>
                    </AssociatedEnd>
                  </AssociatedEnds>
                </Relationships.Association>
                <Relationships.Association RelationshipId="RibbonSection-Ribbon" Role="Ribbon">
                  <AssociatedEnds Type="AssociatedEnds">
                    <AssociatedEnd Role="RibbonSection">
                      <Entities Type="Entities">
                        <EntityId Value="f96dd7a8-9e81-43f3-8622-936041ffdaa2" />
                      </Entities>
                    </AssociatedEnd>
                  </AssociatedEnds>
                </Relationships.Association>
              </Associations>
            </Relationships.RelationshipsExtension>
          </Extensions>
          <Tabs Type="Extesibility.TabCollection">
            <ToolContainers.RibbonTab Id="Slb.Ocean.Training.RibbonTabs.OceanTrainingTab">
              <Extensions Type="Extensibility.ExtensionCollection">
                <Attributes.AttributesExtension>
                  <Attributes Type="Attributes.AttributeCollection">
                    <Attributes.AttributeValue AttributeId="Appearance.Caption" ValueType="System.String" Value="Ocean Training" />
                    <Attributes.AttributeValue AttributeId="Appearance.Description" ValueType="System.String" Value="Ocean Training" />
                  </Attributes>
                </Attributes.AttributesExtension>
                <Workspaces.WorkspaceExtension EntityId="10d0b8c4-2a86-485b-8657-95d651430172" />
                <Relationships.RelationshipsExtension>
                  <Associations Type="Relationships.Associations">
                    <Relationships.Association RelationshipId="RibbonTab-RibbonTabGroup" Role="RibbonTab">
                      <AssociatedEnds Type="AssociatedEnds">
                        <AssociatedEnd Role="RibbonTabGroup">
                          <Entities Type="Entities">
                            <EntityId Value="b3f05774-5535-49a6-b354-b85a727b6fa6" />
                          </Entities>
                        </AssociatedEnd>
                      </AssociatedEnds>
                    </Relationships.Association>
                    <Relationships.Association RelationshipId="Ribbon-RibbonTab" Role="RibbonTab">
                      <AssociatedEnds Type="AssociatedEnds">
                        <AssociatedEnd Role="Ribbon">
                          <Entities Type="Entities">
                            <EntityId Value="c787055f-b2f7-4c30-a2ab-852a89321405" />
                          </Entities>
                        </AssociatedEnd>
                      </AssociatedEnds>
                    </Relationships.Association>
                  </Associations>
                </Relationships.RelationshipsExtension>
              </Extensions>
              <TabGroups Type="Extesibility.TabGroupCollection">
                <ToolContainers.RibbonTabGroup Id="62b2fb55-e605-412c-aa5f-abfa6679cc10">
                  <Extensions Type="Extensibility.ExtensionCollection">
                    <Attributes.AttributesExtension>
                      <Attributes Type="Attributes.AttributeCollection">
                        <Attributes.AttributeValue AttributeId="Appearance.Caption" ValueType="System.String" Value="Fundamentals" />
                      </Attributes>
                    </Attributes.AttributesExtension>
                    <Workspaces.WorkspaceExtension EntityId="b3f05774-5535-49a6-b354-b85a727b6fa6" />
                    <Relationships.RelationshipsExtension>
                      <Associations Type="Relationships.Associations">
                        <Relationships.Association RelationshipId="RibbonTab-RibbonTabGroup" Role="RibbonTabGroup">
                          <AssociatedEnds Type="AssociatedEnds">
                            <AssociatedEnd Role="RibbonTab">
                              <Entities Type="Entities">
                                <EntityId Value="10d0b8c4-2a86-485b-8657-95d651430172" />
                              </Entities>
                            </AssociatedEnd>
                          </AssociatedEnds>
                        </Relationships.Association>
                      </Associations>
                    </Relationships.RelationshipsExtension>
                  </Extensions>
                  <Tools Type="Tools.ToolCollection">
                    <Tools.StateButtonTool CommandId="Core.Services.ShowHideProcessDialog" Parameter="Slb.OceanTraining.Fundamentals.HelloOcean.HelloOceanWorkstep">
                      <Extensions Type="Extensibility.ExtensionCollection">
                        <Attributes.AttributesExtension>
                          <Attributes Type="Attributes.AttributeCollection">
                            <Attributes.AttributeValue AttributeId="Appearance.Image.16" ValueType="Appearance.ImageData" Value="{Uri:pack://application:,,,/Slb.Ocean.Petrel.Resources;component/Images/Modules_16.png}" />
                            <Attributes.AttributeValue AttributeId="Appearance.Image.32" ValueType="Appearance.ImageData" Value="{Uri:pack://application:,,,/Slb.Ocean.Petrel.Resources;component/Images/Modules_32.png}" />
                            <Attributes.AttributeValue AttributeId="Appearance.Description" ValueType="System.String" Value="hello ocean" />
                            <Attributes.AttributeValue AttributeId="Appearance.ToolStyle" ValueType="Tools.ToolStyle" Value="SmallImageAndText" />
                            <Attributes.AttributeValue AttributeId="Appearance.Caption" ValueType="System.String" Value="Hello Ocean workstep" />
                          </Attributes>
                        </Attributes.AttributesExtension>
                      </Extensions>
                    </Tools.StateButtonTool>
                    <Tools.StateButtonTool CommandId="Core.Services.ShowHideProcessDialog" Parameter="Slb.OceanTraining.Fundamentals.HelloOcean.WellRootNavigation">
                      <Extensions Type="Extensibility.ExtensionCollection">
                        <Attributes.AttributesExtension>
                          <Attributes Type="Attributes.AttributeCollection">
                            <Attributes.AttributeValue AttributeId="Appearance.Image.16" ValueType="Appearance.ImageData" Value="{Uri:pack://application:,,,/Slb.Ocean.Petrel.Resources;component/Images/Well_16.png}" />
                            <Attributes.AttributeValue AttributeId="Appearance.Image.32" ValueType="Appearance.ImageData" Value="{Uri:pack://application:,,,/Slb.Ocean.Petrel.Resources;component/Images/Well_32.png}" />
                            <Attributes.AttributeValue AttributeId="Appearance.ToolStyle" ValueType="Tools.ToolStyle" Value="SmallImageAndText" />
                            <Attributes.AttributeValue AttributeId="Appearance.Caption" ValueType="System.String" Value="Well root navigation" />
                          </Attributes>
                        </Attributes.AttributesExtension>
                      </Extensions>
                    </Tools.StateButtonTool>
                    <Tools.StateButtonTool CommandId="Core.Services.ShowHideProcessDialog" Parameter="Slb.OceanTraining.Fundamentals.HelloOcean.TemplatesWorkstep">
                      <Extensions Type="Extensibility.ExtensionCollection">
                        <Attributes.AttributesExtension>
                          <Attributes Type="Attributes.AttributeCollection">
                            <Attributes.AttributeValue AttributeId="Appearance.Image.16" ValueType="Appearance.ImageData" Value="{Uri:pack://application:,,,/Slb.Ocean.Petrel.Resources;component/Images/Pencil_16.png}" />
                            <Attributes.AttributeValue AttributeId="Appearance.Image.32" ValueType="Appearance.ImageData" Value="{Uri:pack://application:,,,/Slb.Ocean.Petrel.Resources;component/Images/Pencil_32.png}" />
                            <Attributes.AttributeValue AttributeId="Appearance.ToolStyle" ValueType="Tools.ToolStyle" Value="SmallImageAndText" />
                            <Attributes.AttributeValue AttributeId="Appearance.Caption" ValueType="System.String" Value="Templates" />
                            <Attributes.AttributeValue AttributeId="Appearance.Description" ValueType="System.String" Value="Read template info and create a new template" />
                          </Attributes>
                        </Attributes.AttributesExtension>
                      </Extensions>
                    </Tools.StateButtonTool>
                    <Tools.StateButtonTool CommandId="Core.Services.ShowHideProcessDialog" Parameter="Slb.OceanTraining.Fundamentals.HelloOcean.UnitConversion">
                      <Extensions Type="Extensibility.ExtensionCollection">
                        <Attributes.AttributesExtension>
                          <Attributes Type="Attributes.AttributeCollection">
                            <Attributes.AttributeValue AttributeId="Appearance.Description" ValueType="System.String" Value="Use PetrelUnitSystem to convert units" />
                            <Attributes.AttributeValue AttributeId="Appearance.Image.16" ValueType="Appearance.ImageData" Value="{Uri:pack://application:,,,/Slb.Ocean.Petrel.Resources;component/images/unitconversion_16.png}" />
                            <Attributes.AttributeValue AttributeId="Appearance.Image.32" ValueType="Appearance.ImageData" Value="{Uri:pack://application:,,,/Slb.Ocean.Petrel.Resources;component/images/unitconversion_32.png}" />
                            <Attributes.AttributeValue AttributeId="Appearance.ToolStyle" ValueType="Tools.ToolStyle" Value="SmallImageAndText" />
                            <Attributes.AttributeValue AttributeId="Appearance.Caption" ValueType="System.String" Value="Unit conversion" />
                          </Attributes>
                        </Attributes.AttributesExtension>
                      </Extensions>
                    </Tools.StateButtonTool>
                    <Tools.StateButtonTool CommandId="Core.Services.ShowHideProcessDialog" Parameter="Slb.OceanTraining.Fundamentals.HelloOcean.CreatePointSet">
                      <Extensions Type="Extensibility.ExtensionCollection">
                        <Attributes.AttributesExtension>
                          <Attributes Type="Attributes.AttributeCollection">
                            <Attributes.AttributeValue AttributeId="Appearance.ToolStyle" ValueType="Tools.ToolStyle" Value="SmallImageAndText" />
                            <Attributes.AttributeValue AttributeId="Appearance.Caption" ValueType="System.String" Value="Create point set" />
                            <Attributes.AttributeValue AttributeId="Appearance.Image.16" ValueType="Appearance.ImageData" Value="{Uri:pack://application:,,,/Slb.Ocean.Petrel.Resources;component/images/pointset_16.png}" />
                            <Attributes.AttributeValue AttributeId="Appearance.Image.32" ValueType="Appearance.ImageData" Value="{Uri:pack://application:,,,/Slb.Ocean.Petrel.Resources;component/Images/pointset_32.png}" />
                            <Attributes.AttributeValue AttributeId="Appearance.Description" ValueType="System.String" Value="Create point set" />
                          </Attributes>
                        </Attributes.AttributesExtension>
                      </Extensions>
                    </Tools.StateButtonTool>
                    <Tools.StateButtonTool CommandId="Core.Services.ShowHideProcessDialog" Parameter="Slb.OceanTraining.Fundamentals.HelloOcean.CreatePolylineSet">
                      <Extensions Type="Extensibility.ExtensionCollection">
                        <Attributes.AttributesExtension>
                          <Attributes Type="Attributes.AttributeCollection">
                            <Attributes.AttributeValue AttributeId="Appearance.ToolStyle" ValueType="Tools.ToolStyle" Value="SmallImageAndText" />
                            <Attributes.AttributeValue AttributeId="Appearance.Image.16" ValueType="Appearance.ImageData" Value="{Uri:pack://application:,,,/Slb.Ocean.Petrel.Resources;component/images/polylineset_16.png}" />
                            <Attributes.AttributeValue AttributeId="Appearance.Image.32" ValueType="Appearance.ImageData" Value="{Uri:pack://application:,,,/Slb.Ocean.Petrel.Resources;component/Images/polylineset_32.png}" />
                            <Attributes.AttributeValue AttributeId="Appearance.Caption" ValueType="System.String" Value="Create polyline set" />
                            <Attributes.AttributeValue AttributeId="Appearance.Description" ValueType="System.String" Value="Create polyline set" />
                          </Attributes>
                        </Attributes.AttributesExtension>
                      </Extensions>
                    </Tools.StateButtonTool>
                    <Tools.StateButtonTool CommandId="Core.Services.ShowHideProcessDialog" Parameter="Slb.OceanTraining.Fundamentals.HelloOcean.CreateRegularHeightFieldSurface">
                      <Extensions Type="Extensibility.ExtensionCollection">
                        <Attributes.AttributesExtension>
                          <Attributes Type="Attributes.AttributeCollection">
                            <Attributes.AttributeValue AttributeId="Appearance.ToolStyle" ValueType="Tools.ToolStyle" Value="SmallImageAndText" />
                            <Attributes.AttributeValue AttributeId="Appearance.Caption" ValueType="System.String" Value="Create regularly gridded surface" />
                            <Attributes.AttributeValue AttributeId="Appearance.Image.16" ValueType="Appearance.ImageData" Value="{Uri:pack://application:,,,/Slb.Ocean.Petrel.Resources;component/images/surfaceregular_16.png}" />
                            <Attributes.AttributeValue AttributeId="Appearance.Description" ValueType="System.String" Value="Create regularly gridded surface" />
                            <Attributes.AttributeValue AttributeId="Appearance.Image.32" ValueType="Appearance.ImageData" Value="{Uri:pack://application:,,,/Slb.Ocean.Petrel.Resources;component/images/surfaceblue_32.png}" />
                          </Attributes>
                        </Attributes.AttributesExtension>
                      </Extensions>
                    </Tools.StateButtonTool>
                    <Tools.StateButtonTool CommandId="Core.Services.ShowHideProcessDialog" Parameter="Slb.OceanTraining.Fundamentals.HelloOcean.CreatePointSetProperty">
                      <Extensions Type="Extensibility.ExtensionCollection">
                        <Attributes.AttributesExtension>
                          <Attributes Type="Attributes.AttributeCollection">
                            <Attributes.AttributeValue AttributeId="Appearance.ToolStyle" ValueType="Tools.ToolStyle" Value="SmallImageAndText" />
                            <Attributes.AttributeValue AttributeId="Appearance.Caption" ValueType="System.String" Value="Create point set property" />
                            <Attributes.AttributeValue AttributeId="Appearance.Image.16" ValueType="Appearance.ImageData" Value="{Uri:pack://application:,,,/Slb.Ocean.Petrel.Resources;component/images/attr_16.png}" />
                            <Attributes.AttributeValue AttributeId="Appearance.Description" ValueType="System.String" Value="Create point set property" />
                            <Attributes.AttributeValue AttributeId="Appearance.Image.32" ValueType="Appearance.ImageData" Value="{Uri:pack://application:,,,/Slb.Ocean.Petrel.Resources;component/Images/attr_32.png}" />
                          </Attributes>
                        </Attributes.AttributesExtension>
                      </Extensions>
                    </Tools.StateButtonTool>
                    <Tools.StateButtonTool CommandId="Core.Services.ShowHideProcessDialog" Parameter="Slb.OceanTraining.Fundamentals.HelloOcean.DumpSeismicCubeCorners">
                      <Extensions Type="Extensibility.ExtensionCollection">
                        <Attributes.AttributesExtension>
                          <Attributes Type="Attributes.AttributeCollection">
                            <Attributes.AttributeValue AttributeId="Appearance.Description" ValueType="System.String" Value="Dump corner locations of seismic cube" />
                            <Attributes.AttributeValue AttributeId="Appearance.Image.16" ValueType="Appearance.ImageData" Value="{Uri:pack://application:,,,/Slb.Ocean.Petrel.Resources;component/images/seismic3d_16.png}" />
                            <Attributes.AttributeValue AttributeId="Appearance.Image.32" ValueType="Appearance.ImageData" Value="{Uri:pack://application:,,,/Slb.Ocean.Petrel.Resources;component/images/seismic3d_32.png}" />
                            <Attributes.AttributeValue AttributeId="Appearance.ToolStyle" ValueType="Tools.ToolStyle" Value="SmallImageAndText" />
                            <Attributes.AttributeValue AttributeId="Appearance.Caption" ValueType="System.String" Value="Dump cube corners" />
                          </Attributes>
                        </Attributes.AttributesExtension>
                      </Extensions>
                    </Tools.StateButtonTool>
                    <Tools.StateButtonTool CommandId="Core.Services.ShowHideProcessDialog" Parameter="Slb.OceanTraining.Fundamentals.HelloOcean.SeismicReversePolarity">
                      <Extensions Type="Extensibility.ExtensionCollection">
                        <Attributes.AttributesExtension>
                          <Attributes Type="Attributes.AttributeCollection">
                            <Attributes.AttributeValue AttributeId="Appearance.ToolStyle" ValueType="Tools.ToolStyle" Value="SmallImageAndText" />
                            <Attributes.AttributeValue AttributeId="Appearance.Description" ValueType="System.String" Value="Reverse data polarity of seismic cube" />
                            <Attributes.AttributeValue AttributeId="Appearance.Image.16" ValueType="Appearance.ImageData" Value="{Uri:pack://application:,,,/Slb.Ocean.Petrel.Resources;component/images/rotate_16.png}" />
                            <Attributes.AttributeValue AttributeId="Appearance.Image.32" ValueType="Appearance.ImageData" Value="{Uri:pack://application:,,,/Slb.Ocean.Petrel.Resources;component/images/rotate_32.png}" />
                            <Attributes.AttributeValue AttributeId="Appearance.Caption" ValueType="System.String" Value="Reverse polarity" />
                          </Attributes>
                        </Attributes.AttributesExtension>
                      </Extensions>
                    </Tools.StateButtonTool>
                    <Tools.StateButtonTool CommandId="Core.Services.ShowHideProcessDialog" Parameter="Slb.OceanTraining.Fundamentals.HelloOcean.SeismicInterpretation">
                      <Extensions Type="Extensibility.ExtensionCollection">
                        <Attributes.AttributesExtension>
                          <Attributes Type="Attributes.AttributeCollection">
                            <Attributes.AttributeValue AttributeId="Appearance.Image.16" ValueType="Appearance.ImageData" Value="{Uri:pack://application:,,,/Slb.Ocean.Petrel.Resources;component/Images/SeismicAnnotation_16.png}" />
                            <Attributes.AttributeValue AttributeId="Appearance.Image.32" ValueType="Appearance.ImageData" Value="{Uri:pack://application:,,,/Slb.Ocean.Petrel.Resources;component/Images/SeismicAnnotation_32.png}" />
                            <Attributes.AttributeValue AttributeId="Appearance.ToolStyle" ValueType="Tools.ToolStyle" Value="SmallImageAndText" />
                            <Attributes.AttributeValue AttributeId="Appearance.Caption" ValueType="System.String" Value="Seismic interpretation" />
                          </Attributes>
                        </Attributes.AttributesExtension>
                      </Extensions>
                    </Tools.StateButtonTool>
                    <Tools.StateButtonTool CommandId="Core.Services.ShowHideProcessDialog" Parameter="Slb.OceanTraining.Fundamentals.HelloOcean.CreateWellPath">
                      <Extensions Type="Extensibility.ExtensionCollection">
                        <Attributes.AttributesExtension>
                          <Attributes Type="Attributes.AttributeCollection">
                            <Attributes.AttributeValue AttributeId="Appearance.Image.16" ValueType="Appearance.ImageData" Value="{Uri:pack://application:,,,/Slb.Ocean.Petrel.Resources;component/Images/WellBlue_16.png}" />
                            <Attributes.AttributeValue AttributeId="Appearance.Image.32" ValueType="Appearance.ImageData" Value="{Uri:pack://application:,,,/Slb.Ocean.Petrel.Resources;component/Images/WellBlue_32.png}" />
                            <Attributes.AttributeValue AttributeId="Appearance.ToolStyle" ValueType="Tools.ToolStyle" Value="SmallImageAndText" />
                            <Attributes.AttributeValue AttributeId="Appearance.Caption" ValueType="System.String" Value="Create well path" />
                          </Attributes>
                        </Attributes.AttributesExtension>
                      </Extensions>
                    </Tools.StateButtonTool>
                    <Tools.StateButtonTool CommandId="Core.Services.ShowHideProcessDialog" Parameter="Slb.OceanTraining.Fundamentals.HelloOcean.ShaleVolume">
                      <Extensions Type="Extensibility.ExtensionCollection">
                        <Attributes.AttributesExtension>
                          <Attributes Type="Attributes.AttributeCollection">
                            <Attributes.AttributeValue AttributeId="Appearance.Image.16" ValueType="Appearance.ImageData" Value="{Uri:pack://application:,,,/Slb.Ocean.Petrel.Resources;component/Images/Percent_16.png}" />
                            <Attributes.AttributeValue AttributeId="Appearance.Image.32" ValueType="Appearance.ImageData" Value="{Uri:pack://application:,,,/Slb.Ocean.Petrel.Resources;component/Images/Percent_32.png}" />
                            <Attributes.AttributeValue AttributeId="Appearance.ToolStyle" ValueType="Tools.ToolStyle" Value="SmallImageAndText" />
                            <Attributes.AttributeValue AttributeId="Appearance.Caption" ValueType="System.String" Value="Shale volume" />
                          </Attributes>
                        </Attributes.AttributesExtension>
                      </Extensions>
                    </Tools.StateButtonTool>
                    <Tools.StateButtonTool CommandId="Core.Services.ShowHideProcessDialog" Parameter="Slb.OceanTraining.Fundamentals.HelloOcean.HelloGrid">
                      <Extensions Type="Extensibility.ExtensionCollection">
                        <Attributes.AttributesExtension>
                          <Attributes Type="Attributes.AttributeCollection">
                            <Attributes.AttributeValue AttributeId="Appearance.Image.16" ValueType="Appearance.ImageData" Value="{Uri:pack://application:,,,/Slb.Ocean.Petrel.Resources;component/Images/PillarGrid_16.png}" />
                            <Attributes.AttributeValue AttributeId="Appearance.Image.32" ValueType="Appearance.ImageData" Value="{Uri:pack://application:,,,/Slb.Ocean.Petrel.Resources;component/Images/PillarGrid_32.png}" />
                            <Attributes.AttributeValue AttributeId="Appearance.ToolStyle" ValueType="Tools.ToolStyle" Value="SmallImageAndText" />
                            <Attributes.AttributeValue AttributeId="Appearance.Caption" ValueType="System.String" Value="Hello grid" />
                          </Attributes>
                        </Attributes.AttributesExtension>
                      </Extensions>
                    </Tools.StateButtonTool>
                    <Tools.StateButtonTool CommandId="Core.Services.ShowHideProcessDialog" Parameter="Slb.OceanTraining.Fundamentals.HelloOcean.DistanceAboveContactProperty">
                      <Extensions Type="Extensibility.ExtensionCollection">
                        <Attributes.AttributesExtension>
                          <Attributes Type="Attributes.AttributeCollection">
                            <Attributes.AttributeValue AttributeId="Appearance.Image.16" ValueType="Appearance.ImageData" Value="{Uri:pack://application:,,,/Slb.Ocean.Petrel.Resources;component/Images/Function_16.png}" />
                            <Attributes.AttributeValue AttributeId="Appearance.Image.32" ValueType="Appearance.ImageData" Value="{Uri:pack://application:,,,/Slb.Ocean.Petrel.Resources;component/Images/Function_32.png}" />
                            <Attributes.AttributeValue AttributeId="Appearance.ToolStyle" ValueType="Tools.ToolStyle" Value="SmallImageAndText" />
                            <Attributes.AttributeValue AttributeId="Appearance.Caption" ValueType="System.String" Value="Distance above contact property" />
                          </Attributes>
                        </Attributes.AttributesExtension>
                      </Extensions>
                    </Tools.StateButtonTool>
                    <Tools.StateButtonTool CommandId="Core.Services.ShowHideProcessDialog" Parameter="Slb.OceanTraining.Fundamentals.HelloOcean.CreateCase">
                      <Extensions Type="Extensibility.ExtensionCollection">
                        <Attributes.AttributesExtension>
                          <Attributes Type="Attributes.AttributeCollection">
                            <Attributes.AttributeValue AttributeId="Appearance.Image.16" ValueType="Appearance.ImageData" Value="{Uri:pack://application:,,,/Slb.Ocean.Petrel.Resources;component/Images/Case_16.png}" />
                            <Attributes.AttributeValue AttributeId="Appearance.Image.32" ValueType="Appearance.ImageData" Value="{Uri:pack://application:,,,/Slb.Ocean.Petrel.Resources;component/Images/Case_32.png}" />
                            <Attributes.AttributeValue AttributeId="Appearance.ToolStyle" ValueType="Tools.ToolStyle" Value="SmallImageAndText" />
                            <Attributes.AttributeValue AttributeId="Appearance.Caption" ValueType="System.String" Value="Create case" />
                          </Attributes>
                        </Attributes.AttributesExtension>
                      </Extensions>
                    </Tools.StateButtonTool>
                    <Tools.StateButtonTool CommandId="Core.Services.ShowHideProcessDialog" Parameter="Slb.OceanTraining.Fundamentals.HelloOcean.RunCase">
                      <Extensions Type="Extensibility.ExtensionCollection">
                        <Attributes.AttributesExtension>
                          <Attributes Type="Attributes.AttributeCollection">
                            <Attributes.AttributeValue AttributeId="Appearance.Image.16" ValueType="Appearance.ImageData" Value="{Uri:pack://application:,,,/Slb.Ocean.Petrel.Resources;component/Images/Apply_16.png}" />
                            <Attributes.AttributeValue AttributeId="Appearance.Image.32" ValueType="Appearance.ImageData" Value="{Uri:pack://application:,,,/Slb.Ocean.Petrel.Resources;component/Images/Apply_32.png}" />
                            <Attributes.AttributeValue AttributeId="Appearance.ToolStyle" ValueType="Tools.ToolStyle" Value="SmallImageAndText" />
                            <Attributes.AttributeValue AttributeId="Appearance.Caption" ValueType="System.String" Value="Run case" />
                          </Attributes>
                        </Attributes.AttributesExtension>
                      </Extensions>
                    </Tools.StateButtonTool>
                  </Tools>
                </ToolContainers.RibbonTabGroup>
              </TabGroups>
            </ToolContainers.RibbonTab>
          </Tabs>
          <ContextMenu Type="ToolContainers.RibbonContextMenu">
            <Tools Type="Tools.ToolCollection" />
          </ContextMenu>
          <Backstage Type="ToolContainers.RibbonBackstage">
            <LeftTools Type="Tools.ToolCollection" />
            <RightTools Type="Tools.ToolCollection" />
            <FooterTools Type="Tools.ToolCollection" />
          </Backstage>
          <Backstage2010 Type="ToolContainers.RibbonBackstage2010">
            <Tools Type="Tools.ToolCollection" />
          </Backstage2010>
          <QuickAccessToolbar Type="ToolContainers.QuickAccessToolbar">
            <Tools Type="Tools.ToolCollection" />
          </QuickAccessToolbar>
          <TabToolbar Type="ToolContainers.RibbonTabToolbar">
            <Tools Type="Tools.ToolCollection" />
          </TabToolbar>
        </ToolContainers.Ribbon>
      </Ribbons>
    </ToolContainers.RibbonSection>
    <ToolContainers.MenuBarSection Version="1.0.0.2">
      <Extensions Type="Extensibility.ExtensionCollection">
        <Workspaces.WorkspaceExtension EntityId="f9a68d6f-e9c0-4e0b-a31b-87cad6f831f7" />
        <Relationships.RelationshipsExtension>
          <Associations Type="Relationships.Associations">
            <Relationships.Association RelationshipId="Configuration-Section" Role="Section">
              <AssociatedEnds Type="AssociatedEnds">
                <AssociatedEnd Role="Configuration">
                  <Entities Type="Entities">
                    <EntityId Value="690f54d5-3844-49bf-8815-f956fa683087" />
                  </Entities>
                </AssociatedEnd>
              </AssociatedEnds>
            </Relationships.Association>
          </Associations>
        </Relationships.RelationshipsExtension>
      </Extensions>
      <MenuBars Type="ToolContainers.MenuBarCollection" />
    </ToolContainers.MenuBarSection>
    <ToolContainers.ToolbarSection Version="1.0.0.3">
      <Extensions Type="Extensibility.ExtensionCollection">
        <Workspaces.WorkspaceExtension EntityId="98a517b9-b99b-4fa5-9c34-e1eb80ea2fe7" />
        <Relationships.RelationshipsExtension>
          <Associations Type="Relationships.Associations">
            <Relationships.Association RelationshipId="Configuration-Section" Role="Section">
              <AssociatedEnds Type="AssociatedEnds">
                <AssociatedEnd Role="Configuration">
                  <Entities Type="Entities">
                    <EntityId Value="690f54d5-3844-49bf-8815-f956fa683087" />
                  </Entities>
                </AssociatedEnd>
              </AssociatedEnds>
            </Relationships.Association>
          </Associations>
        </Relationships.RelationshipsExtension>
      </Extensions>
      <Toolbars Type="Extesibility.ToolbarCollection" />
    </ToolContainers.ToolbarSection>
    <ToolContainers.MiniToolbarSection Version="1.0.0.5">
      <Extensions Type="Extensibility.ExtensionCollection">
        <Workspaces.WorkspaceExtension EntityId="88741991-7395-453d-b1c7-4178c85c5ba1" />
        <Relationships.RelationshipsExtension>
          <Associations Type="Relationships.Associations">
            <Relationships.Association RelationshipId="Configuration-Section" Role="Section">
              <AssociatedEnds Type="AssociatedEnds">
                <AssociatedEnd Role="Configuration">
                  <Entities Type="Entities">
                    <EntityId Value="690f54d5-3844-49bf-8815-f956fa683087" />
                  </Entities>
                </AssociatedEnd>
              </AssociatedEnds>
            </Relationships.Association>
          </Associations>
        </Relationships.RelationshipsExtension>
      </Extensions>
      <MiniToolbars Type="Extesibility.MiniToolbarCollection" />
    </ToolContainers.MiniToolbarSection>
    <Configuration.ResourceSection Version="1.0.0.8">
      <Extensions Type="Extensibility.ExtensionCollection">
        <Workspaces.WorkspaceExtension EntityId="1ef08cc1-6a86-4ed3-b5c8-1c435102d78f" />
        <Relationships.RelationshipsExtension>
          <Associations Type="Relationships.Associations">
            <Relationships.Association RelationshipId="ResourceSection-Resource" Role="ResourceSection">
              <AssociatedEnds Type="AssociatedEnds" />
            </Relationships.Association>
            <Relationships.Association RelationshipId="Configuration-Section" Role="Section">
              <AssociatedEnds Type="AssociatedEnds">
                <AssociatedEnd Role="Configuration">
                  <Entities Type="Entities">
                    <EntityId Value="690f54d5-3844-49bf-8815-f956fa683087" />
                  </Entities>
                </AssociatedEnd>
              </AssociatedEnds>
            </Relationships.Association>
          </Associations>
        </Relationships.RelationshipsExtension>
      </Extensions>
      <Resources Type="Configuration.ResourceCollection" />
    </Configuration.ResourceSection>
    <Commands.CommandSection Version="1.0.0.7">
      <Extensions Type="Extensibility.ExtensionCollection">
        <Workspaces.WorkspaceExtension EntityId="4f77463e-9d3d-4e77-9ad1-5af22c47809a" />
        <Relationships.RelationshipsExtension>
          <Associations Type="Relationships.Associations">
            <Relationships.Association RelationshipId="CommandSection-CommandInfo" Role="CommandSection">
              <AssociatedEnds Type="AssociatedEnds" />
            </Relationships.Association>
            <Relationships.Association RelationshipId="Configuration-Section" Role="Section">
              <AssociatedEnds Type="AssociatedEnds">
                <AssociatedEnd Role="Configuration">
                  <Entities Type="Entities">
                    <EntityId Value="690f54d5-3844-49bf-8815-f956fa683087" />
                  </Entities>
                </AssociatedEnd>
              </AssociatedEnds>
            </Relationships.Association>
          </Associations>
        </Relationships.RelationshipsExtension>
      </Extensions>
      <Commands Type="Commands.CommandCollection" />
      <CommandGroups Type="Commands.CommandGroupCollection" />
    </Commands.CommandSection>
    <Shortcuts.ShortcutSection Version="1.0.0.2">
      <Extensions Type="Extensibility.ExtensionCollection">
        <Workspaces.WorkspaceExtension EntityId="75592247-4a90-4dc1-9c96-924e6b4ad648" />
        <Relationships.RelationshipsExtension>
          <Associations Type="Relationships.Associations">
            <Relationships.Association RelationshipId="Configuration-Section" Role="Section">
              <AssociatedEnds Type="AssociatedEnds">
                <AssociatedEnd Role="Configuration">
                  <Entities Type="Entities">
                    <EntityId Value="690f54d5-3844-49bf-8815-f956fa683087" />
                  </Entities>
                </AssociatedEnd>
              </AssociatedEnds>
            </Relationships.Association>
          </Associations>
        </Relationships.RelationshipsExtension>
      </Extensions>
      <Shortcuts Type="Shortcuts.ShortcutCollection" />
    </Shortcuts.ShortcutSection>
    <ToolContainers.PaletteSection Version="1.0.0.7">
      <Extensions Type="Extensibility.ExtensionCollection">
        <Workspaces.WorkspaceExtension EntityId="73b27138-a213-4050-ac70-043ebd6b8586" />
        <Relationships.RelationshipsExtension>
          <Associations Type="Relationships.Associations">
            <Relationships.Association RelationshipId="PaletteSection-Palette" Role="PaletteSection">
              <AssociatedEnds Type="AssociatedEnds" />
            </Relationships.Association>
            <Relationships.Association RelationshipId="Configuration-Section" Role="Section">
              <AssociatedEnds Type="AssociatedEnds">
                <AssociatedEnd Role="Configuration">
                  <Entities Type="Entities">
                    <EntityId Value="690f54d5-3844-49bf-8815-f956fa683087" />
                  </Entities>
                </AssociatedEnd>
              </AssociatedEnds>
            </Relationships.Association>
          </Associations>
        </Relationships.RelationshipsExtension>
      </Extensions>
      <Palettes Type="Extesibility.PaletteCollection" />
    </ToolContainers.PaletteSection>
    <Rules.RuleSection Version="1.0.0.4">
      <Extensions Type="Extensibility.ExtensionCollection">
        <Workspaces.WorkspaceExtension EntityId="697da2ae-3880-441e-aefa-4cb130189ff1" />
        <Relationships.RelationshipsExtension>
          <Associations Type="Relationships.Associations">
            <Relationships.Association RelationshipId="Configuration-Section" Role="Section">
              <AssociatedEnds Type="AssociatedEnds">
                <AssociatedEnd Role="Configuration">
                  <Entities Type="Entities">
                    <EntityId Value="690f54d5-3844-49bf-8815-f956fa683087" />
                  </Entities>
                </AssociatedEnd>
              </AssociatedEnds>
            </Relationships.Association>
          </Associations>
        </Relationships.RelationshipsExtension>
      </Extensions>
      <Rules Type="Rules.RuleCollection" />
    </Rules.RuleSection>
  </Sections>
</Configuration>